{"stats":{"minecraft:used":{"minecraft:iron_shovel":1166,"minecraft:spruce_slab":281,"minecraft:shield":64,"minecraft:chest":124,"minecraft:decorated_pot":4,"minecraft:white_terracotta":105,"minecraft:stone":38,"minecraft:iron_sword":407,"minecraft:rotten_flesh":2,"minecraft:iron_chestplate":1,"minecraft:carrot":175,"biomesoplenty:cypress_sapling":17,"minecraft:lava_bucket":14,"minecraft:lantern":109,"minecraft:dark_oak_slab":1803,"minecraft:stone_bricks":838,"connectedglass:borderless_glass_pane":314,"biomesoplenty:mahogany_sapling":30,"biomesoplenty:jacaranda_sapling":19,"minecraft:bow":10,"minecraft:oak_sapling":337,"minecraft:furnace":8,"minecraft:egg":3,"minecraft:potato":303,"biomesoplenty:jacaranda_fence":85,"minecraft:dark_oak_sapling":28,"minecraft:dark_oak_stairs":11,"biomesoplenty:pine_fence":32,"minecraft:oak_planks":15,"minecraft:stone_pickaxe":523,"minecraft:copper_door":2,"biomesoplenty:pine_fence_gate":6,"minecraft:wooden_pickaxe":57,"minecraft:sugar_cane":65,"minecraft:diamond_axe":2383,"minecraft:dark_oak_trapdoor":24,"minecraft:sand":21,"minecraft:blast_furnace":13,"minecraft:light_gray_terracotta":242,"minecraft:stone_brick_wall":11,"biomesoplenty:jacaranda_planks":223,"minecraft:melon_slice":26,"minecraft:bread":115,"minecraft:lectern":83,"minecraft:diamond_sword":704,"minecraft:grindstone":2,"minecraft:cooked_rabbit":2,"minecraft:andesite":12,"minecraft:oak_fence":24,"minecraft:armor_stand":5,"minecraft:bone_meal":58,"biomesoplenty:mahogany_planks":248,"minecraft:oak_trapdoor":1,"biomesoplenty:redwood_door":3,"minecraft:enchanting_table":1,"minecraft:stone_shovel":273,"minecraft:cooked_salmon":28,"minecraft:wooden_shovel":61,"minecraft:cooked_chicken":1,"minecraft:anvil":2,"minecraft:torch":502,"minecraft:brewing_stand":2,"minecraft:dirt":1551,"minecraft:spruce_fence":78,"minecraft:oak_fence_gate":1,"minecraft:iron_hoe":317,"minecraft:dark_oak_planks":49,"minecraft:wooden_axe":63,"minecraft:bookshelf":20,"minecraft:iron_axe":2895,"minecraft:iron_boots":1,"minecraft:barrel":2,"minecraft:melon_seeds":33,"biomesoplenty:jacaranda_stairs":20,"minecraft:glowstone":16,"minecraft:cooked_beef":60,"minecraft:cobbled_deepslate":358,"minecraft:pointed_dripstone":7,"minecraft:wheat_seeds":215,"minecraft:cooked_mutton":4,"biomesoplenty:jacaranda_door":2,"minecraft:water_bucket":65,"minecraft:baked_potato":37,"minecraft:cauldron":7,"biomesoplenty:mahogany_log":1,"biomesoplenty:mahogany_fence":23,"minecraft:crafting_table":44,"minecraft:white_bed":21,"minecraft:smoker":7,"minecraft:wooden_hoe":62,"minecraft:diamond_pickaxe":788,"minecraft:apple":1,"minecraft:diamond_shovel":456,"minecraft:iron_pickaxe":2137,"minecraft:stone_slab":119,"minecraft:stone_axe":586,"minecraft:pink_petals":1,"minecraft:cobblestone":80,"minecraft:bucket":92,"minecraft:pumpkin_pie":12,"minecraft:yellow_bed":1},"minecraft:picked_up":{"minecraft:wheat":170,"minecraft:flower_pot":1,"minecraft:anvil":1,"minecraft:stone_slab":88,"minecraft:diamond_sword":1,"minecraft:potion":9,"minecraft:enchanted_book":1,"minecraft:brewing_stand":1,"connectedglass:borderless_glass_pane":50,"minecraft:music_disc_cat":2,"minecraft:string":54,"minecraft:dark_oak_trapdoor":16,"minecraft:raw_copper":24,"biomesoplenty:stripped_mahogany_log":1,"minecraft:armor_stand":3,"minecraft:beetroot":31,"minecraft:smooth_stone":17,"minecraft:gold_nugget":7,"minecraft:cobbled_deepslate":435,"minecraft:bucket":1,"minecraft:rose_bush":3,"minecraft:calcite":1,"minecraft:iron_pickaxe":2,"biomesoplenty:redwood_wood":63,"minecraft:melon_slice":347,"minecraft:coal_block":34,"minecraft:furnace":4,"minecraft:stick":851,"minecraft:composter":1,"minecraft:oak_fence":25,"minecraft:torch":197,"minecraft:cherry_log":124,"minecraft:pointed_dripstone":26,"minecraft:diorite":124,"biomesoplenty:mahogany_fence":35,"minecraft:copper_door":1,"minecraft:cauldron":4,"minecraft:black_dye":4,"minecraft:honey_bottle":1,"minecraft:rotten_flesh":98,"minecraft:music_disc_ward":1,"biomesoplenty:mahogany_sapling":201,"minecraft:glowstone":2,"minecraft:bookshelf":20,"minecraft:white_terracotta":85,"minecraft:cobblestone":1011,"biomesoplenty:lavender":3,"minecraft:birch_log":26,"minecraft:enchanting_table":1,"minecraft:pink_petals":593,"minecraft:feather":1,"minecraft:cooked_beef":3,"minecraft:andesite":21,"minecraft:smoker":13,"minecraft:potato":741,"biomesoplenty:redwood_door":3,"minecraft:flint":5,"minecraft:tuff":1,"minecraft:light_gray_dye":4,"minecraft:dirt":2392,"minecraft:lantern":27,"minecraft:bone":51,"minecraft:bow":4,"minecraft:wheat_seeds":547,"minecraft:raw_gold":110,"minecraft:bell":3,"minecraft:glowstone_dust":110,"minecraft:oak_planks":195,"biomesoplenty:mahogany_planks":103,"minecraft:mossy_stone_brick_stairs":1,"biomesoplenty:pine_sapling":6,"minecraft:music_disc_13":2,"minecraft:poisonous_potato":7,"minecraft:sand":288,"minecraft:ink_sac":3,"minecraft:dead_bush":1,"minecraft:dark_oak_log":355,"minecraft:light_gray_terracotta":186,"minecraft:sugar":6,"minecraft:diamond":173,"minecraft:crossbow":3,"minecraft:golden_apple":6,"minecraft:emerald":193,"minecraft:golden_horse_armor":2,"minecraft:bread":18,"minecraft:oak_sapling":869,"biomesoplenty:redwood_log":84,"minecraft:charcoal":6,"minecraft:coarse_dirt":1,"minecraft:crafting_table":35,"minecraft:azure_bluet":2,"minecraft:ominous_bottle":1,"minecraft:chicken":4,"minecraft:clay_ball":516,"biomesoplenty:pine_fence":5,"minecraft:brown_mushroom":12,"minecraft:stone_brick_wall":7,"minecraft:cooked_rabbit":1,"biomesoplenty:jacaranda_sapling":255,"minecraft:brick":410,"minecraft:shield":2,"minecraft:oak_trapdoor":1,"biomesoplenty:jacaranda_fence":83,"minecraft:iron_axe":1,"minecraft:iron_shovel":2,"minecraft:glass_pane":64,"biomesoplenty:pine_fence_gate":1,"minecraft:candle":2,"biomesoplenty:cypress_sapling":81,"minecraft:beef":261,"minecraft:iron_nugget":27,"minecraft:spruce_slab":14,"minecraft:lectern":84,"biomesoplenty:wildflower":51,"minecraft:sugar_cane":227,"minecraft:chest":49,"minecraft:birch_sapling":7,"minecraft:egg":7,"minecraft:dark_oak_sapling":63,"minecraft:raw_iron":437,"minecraft:stone":644,"minecraft:raw_gold_block":21,"minecraft:copper_ingot":16,"minecraft:spruce_fence":16,"minecraft:gray_dye":2,"minecraft:white_dye":1,"minecraft:music_disc_11":1,"minecraft:carrot":631,"minecraft:redstone":62,"minecraft:dark_oak_planks":14,"minecraft:arrow":32,"minecraft:stone_shovel":1,"biomesoplenty:jacaranda_log":231,"minecraft:decorated_pot":13,"minecraft:hay_block":195,"minecraft:glistering_melon_slice":3,"minecraft:saddle":7,"minecraft:gold_ingot":9,"biomesoplenty:redwood_sapling":21,"minecraft:glow_berries":9,"minecraft:mutton":10,"minecraft:bone_block":147,"minecraft:white_wool":12,"biomesoplenty:goldenrod":19,"minecraft:leather":86,"biomesoplenty:jacaranda_door":5,"minecraft:oak_log":2321,"biomesoplenty:pine_log":24,"minecraft:yellow_bed":1,"biomesoplenty:jacaranda_planks":65,"minecraft:gunpowder":15,"minecraft:white_banner":1,"minecraft:cooked_mutton":4,"minecraft:red_carpet":8,"minecraft:apple":115,"minecraft:stone_bricks":117,"minecraft:iron_ingot":191,"minecraft:oak_fence_gate":1,"minecraft:glass_bottle":2,"minecraft:dark_oak_stairs":6,"minecraft:book":18,"minecraft:dark_oak_slab":478,"biomesoplenty:pine_planks":44,"minecraft:pumpkin":12,"minecraft:dandelion":1,"minecraft:raw_iron_block":29,"minecraft:dripstone_block":1,"minecraft:gravel":27,"minecraft:blast_furnace":13,"minecraft:white_bed":21,"minecraft:spruce_log":113,"minecraft:spider_eye":6,"biomesoplenty:mahogany_log":1742,"minecraft:slime_ball":3,"minecraft:cherry_sapling":108,"minecraft:oak_button":1,"minecraft:baked_potato":11,"minecraft:melon_seeds":28,"minecraft:black_wool":1,"minecraft:coal":292,"minecraft:sunflower":1},"minecraft:killed":{"minecraft:witch":2,"minecraft:spider":3,"minecraft:skeleton":18,"minecraft:chicken":2,"minecraft:silverfish":929,"minecraft:magma_cube":1,"minecraft:zombie_villager":4,"minecraft:sheep":6,"minecraft:pillager":12,"minecraft:zombie":57,"minecraft:cow":85,"minecraft:vex":8,"minecraft:vindicator":4,"minecraft:slime":5,"minecraft:ravager":1,"minecraft:squid":1,"minecraft:villager":1},"minecraft:custom":{"minecraft:animals_bred":50,"minecraft:interact_with_crafting_table":266,"minecraft:open_barrel":65,"minecraft:leave_game":24,"minecraft:time_since_death":915947,"minecraft:sprint_one_cm":4686358,"minecraft:damage_blocked_by_shield":2985,"minecraft:drop":234,"minecraft:talked_to_villager":247,"minecraft:play_time":1590769,"minecraft:deaths":1,"minecraft:jump":14335,"minecraft:interact_with_brewingstand":3,"minecraft:walk_on_water_one_cm":59985,"minecraft:interact_with_furnace":153,"minecraft:traded_with_villager":680,"minecraft:sleep_in_bed":90,"minecraft:damage_dealt":34121,"minecraft:crouch_one_cm":35254,"minecraft:interact_with_smoker":31,"minecraft:use_cauldron":17,"minecraft:inspect_dispenser":7,"minecraft:horse_one_cm":1463187,"minecraft:interact_with_anvil":24,"minecraft:mob_kills":1151,"minecraft:fill_cauldron":7,"minecraft:interact_with_campfire":4,"minecraft:climb_one_cm":732,"minecraft:walk_one_cm":4470972,"minecraft:sneak_time":21328,"minecraft:walk_under_water_one_cm":35693,"minecraft:interact_with_blast_furnace":137,"minecraft:total_world_time":1590769,"minecraft:interact_with_grindstone":2,"minecraft:time_since_rest":725,"minecraft:damage_taken":10484,"minecraft:swim_one_cm":43747,"minecraft:fly_one_cm":2829693,"minecraft:open_chest":1146,"minecraft:fall_one_cm":306098},"minecraft:killed_by":{"minecraft:vindicator":1},"minecraft:broken":{"minecraft:iron_shovel":3,"minecraft:wooden_shovel":1,"minecraft:stone_pickaxe":4,"minecraft:stone_axe":5,"minecraft:iron_sword":1,"minecraft:wooden_axe":1,"minecraft:stone_shovel":2,"minecraft:wooden_pickaxe":1,"minecraft:diamond_axe":1,"minecraft:iron_axe":11,"minecraft:iron_pickaxe":8,"minecraft:wooden_hoe":1},"minecraft:mined":{"minecraft:dark_oak_planks":11,"minecraft:attached_melon_stem":5,"minecraft:white_bed":19,"minecraft:oak_sapling":15,"minecraft:farmland":2,"minecraft:cherry_log":43,"minecraft:brewing_stand":1,"minecraft:potted_dead_bush":1,"minecraft:grass_block":1271,"biomesoplenty:stripped_mahogany_log":1,"minecraft:coal_block":28,"minecraft:spawner":1,"biomesoplenty:pine_log":25,"minecraft:tall_seagrass":4,"minecraft:raw_iron_block":30,"biomesoplenty:tall_lavender":1,"minecraft:glowstone":37,"minecraft:dark_oak_trapdoor":16,"minecraft:iron_ore":296,"minecraft:fire":48,"minecraft:cobbled_deepslate":50,"biomesoplenty:lavender":4,"minecraft:pumpkin":4,"minecraft:anvil":1,"minecraft:azure_bluet":2,"minecraft:dark_oak_stairs":7,"biomesoplenty:redwood_door":3,"minecraft:enchanting_table":1,"minecraft:pointed_dripstone":10,"minecraft:dirt_path":2,"biomesoplenty:redwood_log":28,"minecraft:iron_bars":5,"minecraft:spruce_slab":11,"biomesoplenty:jacaranda_leaves":4,"minecraft:deepslate_redstone_ore":10,"minecraft:brown_mushroom":4,"biomesoplenty:jacaranda_planks":7,"minecraft:melon_stem":4,"biomesoplenty:wildflower":7,"minecraft:smoker":8,"minecraft:clay":125,"minecraft:torch":90,"minecraft:light_gray_terracotta":191,"minecraft:blast_furnace":13,"minecraft:calcite":1,"minecraft:melon":57,"minecraft:chest":48,"minecraft:cobblestone":9,"minecraft:oak_planks":20,"minecraft:sugar_cane":120,"minecraft:wall_torch":36,"minecraft:cauldron":4,"biomesoplenty:goldenrod":7,"minecraft:pink_petals":58,"minecraft:seagrass":1,"minecraft:white_terracotta":86,"minecraft:dark_oak_slab":407,"minecraft:birch_log":14,"minecraft:wheat":166,"minecraft:light_gray_wool":2,"minecraft:oak_log":2363,"minecraft:oak_fence_gate":1,"minecraft:dark_oak_sapling":4,"minecraft:sand":176,"minecraft:dirt":526,"minecraft:oak_leaves":139,"minecraft:deepslate":309,"biomesoplenty:mahogany_fence":35,"minecraft:diamond_ore":1,"minecraft:tuff":1,"connectedglass:borderless_glass_pane":10,"minecraft:deepslate_diamond_ore":106,"minecraft:candle":1,"biomesoplenty:desert_grass":3,"minecraft:dark_oak_log":326,"biomesoplenty:jacaranda_fence":83,"minecraft:glow_lichen":2,"minecraft:dark_oak_fence":1,"biomesoplenty:bush":1,"minecraft:spruce_fence":16,"minecraft:decorated_pot":102,"biomesoplenty:cypress_sapling":10,"biomesoplenty:pine_fence_gate":1,"biomesoplenty:mahogany_sapling":4,"biomesoplenty:cypress_leaves":4,"biomesoplenty:jacaranda_sapling":4,"minecraft:hay_block":195,"biomesoplenty:jacaranda_log":151,"minecraft:oak_trapdoor":1,"minecraft:furnace":4,"minecraft:carrots":128,"minecraft:raw_gold_block":23,"minecraft:andesite":10,"minecraft:bell":1,"minecraft:mossy_stone_brick_stairs":1,"minecraft:bookshelf":24,"minecraft:potatoes":202,"minecraft:deepslate_iron_ore":90,"minecraft:lantern":16,"biomesoplenty:jacaranda_door":2,"biomesoplenty:barley":17,"minecraft:stone":1340,"minecraft:bone_block":149,"biomesoplenty:pine_fence":5,"minecraft:dandelion":1,"minecraft:oak_fence":24,"minecraft:crafting_table":35,"minecraft:short_grass":343,"minecraft:emerald_ore":86,"biomesoplenty:mahogany_planks":75,"minecraft:rose_bush":1,"minecraft:lectern":84,"minecraft:copper_ore":7,"minecraft:stone_slab":70,"minecraft:tall_grass":19,"minecraft:deepslate_coal_ore":9,"minecraft:deepslate_gold_ore":95,"minecraft:diorite":36,"minecraft:coarse_dirt":1,"biomesoplenty:mahogany_log":1124,"minecraft:spruce_log":93,"minecraft:yellow_bed":1,"minecraft:coal_ore":188,"minecraft:sunflower":1,"minecraft:gravel":44,"minecraft:dripstone_block":1,"minecraft:cobweb":22,"minecraft:stone_bricks":106,"biomesoplenty:redwood_wood":29,"minecraft:fern":2},"minecraft:dropped":{"minecraft:porkchop":4,"minecraft:cooked_beef":1,"minecraft:baked_potato":10,"minecraft:glass_bottle":1,"minecraft:diamond":5,"minecraft:crossbow":1,"minecraft:glow_berries":3,"minecraft:leather":54,"minecraft:saddle":1,"minecraft:flint":2,"minecraft:emerald":33,"biomesoplenty:redwood_log":5,"minecraft:gold_nugget":4,"minecraft:sand":57,"minecraft:sugar":2,"minecraft:glistering_melon_slice":2,"minecraft:iron_pickaxe":2,"minecraft:dark_oak_planks":1,"minecraft:gravel":18,"minecraft:iron_nugget":17,"biomesoplenty:redwood_sapling":7,"minecraft:cobbled_deepslate":6,"biomesoplenty:pine_planks":7,"minecraft:beetroot":9,"minecraft:rotten_flesh":64,"minecraft:oak_planks":12,"minecraft:honey_bottle":1,"minecraft:white_bed":2,"minecraft:oak_fence_gate":1,"minecraft:gunpowder":7,"minecraft:charcoal":4,"minecraft:melon_seeds":2,"minecraft:arrow":4,"minecraft:glass":8,"biomesoplenty:mahogany_sapling":105,"biomesoplenty:redwood_door":3,"minecraft:lectern":1,"minecraft:egg":3,"biomesoplenty:mahogany_log":256,"biomesoplenty:jacaranda_sapling":60,"minecraft:wheat_seeds":59,"minecraft:dripstone_block":1,"minecraft:poisonous_potato":1,"minecraft:oak_fence":23,"minecraft:iron_helmet":1,"minecraft:copper_door":1,"minecraft:diorite":35,"minecraft:torch":50,"minecraft:rabbit":3,"minecraft:iron_leggings":1,"biomesoplenty:jacaranda_door":6,"minecraft:iron_axe":1,"minecraft:paper":15,"minecraft:string":16,"minecraft:pink_petals":327,"minecraft:bucket":1,"minecraft:music_disc_cat":1,"biomesoplenty:jacaranda_fence":76,"minecraft:stone_shovel":1,"minecraft:iron_boots":1,"minecraft:glass_pane":80,"minecraft:diamond_sword":1,"minecraft:iron_chestplate":1,"minecraft:andesite":3,"minecraft:oak_sapling":222,"minecraft:brick":94},"minecraft:crafted":{"minecraft:black_dye":3,"minecraft:grindstone":2,"minecraft:smooth_stone":33,"minecraft:oak_planks":8856,"minecraft:barrel":2,"minecraft:stone":478,"minecraft:diamond_shovel":1,"minecraft:bookshelf":7,"connectedglass:borderless_glass":128,"minecraft:glass":170,"minecraft:diamond_helmet":1,"minecraft:diamond_leggings":1,"minecraft:iron_boots":1,"minecraft:melon_seeds":25,"minecraft:chest":79,"minecraft:stone_bricks":824,"minecraft:oak_fence":24,"biomesoplenty:jacaranda_stairs":24,"resource_backpacks:backpack_copper":1,"minecraft:oak_slab":42,"minecraft:wooden_shovel":1,"minecraft:emerald":654,"biomesoplenty:jacaranda_planks":452,"minecraft:cauldron":4,"minecraft:diamond_axe":2,"minecraft:crafting_table":9,"minecraft:spruce_planks":256,"biomesoplenty:pine_fence":48,"minecraft:wooden_pickaxe":1,"minecraft:iron_helmet":1,"minecraft:baked_potato":96,"minecraft:copper_door":3,"minecraft:copper_ingot":85,"minecraft:hay_block":37,"biomesoplenty:jacaranda_fence":81,"resource_backpacks:backpack_gold":1,"minecraft:lectern":7,"minecraft:dark_oak_slab":1370,"minecraft:iron_chestplate":1,"minecraft:book":27,"minecraft:wooden_hoe":1,"minecraft:paper":96,"minecraft:diamond_pickaxe":1,"minecraft:shield":2,"minecraft:stick":20434,"minecraft:stone_slab":84,"minecraft:iron_ingot":670,"minecraft:iron_pickaxe":9,"minecraft:iron_block":3,"minecraft:white_terracotta":40,"minecraft:gold_ingot":148,"resource_backpacks:backpack_iron":1,"minecraft:light_gray_dye":12,"resource_backpacks:backpack_diamond":1,"minecraft:stone_shovel":2,"minecraft:raw_iron":261,"minecraft:coal":118,"biomesoplenty:mahogany_fence":12,"minecraft:stone_brick_wall":18,"minecraft:smooth_stone_slab":6,"minecraft:iron_nugget":756,"biomesoplenty:pine_planks":96,"biomesoplenty:mahogany_planks":1796,"minecraft:furnace":9,"minecraft:blast_furnace":5,"minecraft:dark_oak_trapdoor":8,"minecraft:gray_dye":6,"minecraft:bone_meal":66,"minecraft:spruce_fence":75,"minecraft:glass_pane":80,"minecraft:terracotta":100,"minecraft:lantern":92,"minecraft:iron_axe":11,"minecraft:spruce_slab":270,"minecraft:iron_hoe":3,"minecraft:stone_pickaxe":4,"biomesoplenty:jacaranda_door":3,"minecraft:diamond_boots":1,"minecraft:dark_oak_planks":1016,"minecraft:wheat":603,"minecraft:cooked_beef":62,"minecraft:light_gray_terracotta":56,"minecraft:diamond_sword":2,"minecraft:dark_oak_stairs":12,"biomesoplenty:redwood_door":3,"biomesoplenty:redwood_planks":252,"minecraft:iron_sword":1,"biomesoplenty:pine_fence_gate":5,"minecraft:bucket":7,"connectedglass:borderless_glass_pane":352,"minecraft:stone_axe":5,"minecraft:glowstone":27,"minecraft:enchanted_book":26,"minecraft:bread":102,"minecraft:air":0,"minecraft:oak_fence_gate":1,"minecraft:white_dye":16,"minecraft:raw_gold":135,"minecraft:wooden_axe":1,"minecraft:iron_shovel":5,"minecraft:iron_leggings":1,"minecraft:armor_stand":2,"minecraft:anvil":1,"minecraft:white_bed":2,"minecraft:torch":524,"resource_backpacks:backpack_leather":1,"minecraft:clay":131,"minecraft:diamond_chestplate":1}},"DataVersion":3955}