{"stats":{"minecraft:picked_up":{"minecraft:iron_chestplate":3,"minecraft:anvil":1,"minecraft:smithing_table":1,"minecraft:lead":3,"minecraft:diamond_sword":4,"minecraft:oak_stairs":25,"minecraft:brewing_stand":16,"minecraft:polished_blackstone_brick_stairs":19,"minecraft:golden_sword":2,"minecraft:amethyst_block":6,"minecraft:polished_deepslate":2,"connectedglass:borderless_glass_pane":16,"minecraft:string":429,"biomesoplenty:large_rose_quartz_bud":1,"minecraft:cooked_salmon":8,"minecraft:shroomlight":1,"minecraft:diamond_leggings":1,"minecraft:gold_nugget":1083,"minecraft:cobbled_deepslate":650,"minecraft:coal_block":14,"biomesoplenty:redwood_wood":4,"minecraft:melon_slice":24,"minecraft:polished_blackstone_brick_slab":8,"minecraft:jukebox":1,"minecraft:music_disc_blocks":2,"minecraft:composter":10,"minecraft:golden_axe":5,"minecraft:deepslate_tile_stairs":1,"minecraft:golden_chestplate":1,"minecraft:cauldron":4,"minecraft:black_dye":1,"biomesoplenty:rose_quartz_chunk":4,"minecraft:vex_armor_trim_smithing_template":2,"minecraft:red_tulip":4,"minecraft:glowstone":69,"minecraft:white_terracotta":1,"minecraft:blaze_rod":104,"minecraft:iron_bars":5,"minecraft:birch_log":2,"minecraft:magma_block":1160,"minecraft:feather":7,"minecraft:cooked_beef":12,"minecraft:iron_door":1,"minecraft:smoker":6,"minecraft:flint":9,"minecraft:lantern":4,"minecraft:stonecutter":2,"minecraft:glowstone_dust":33,"biomesoplenty:mahogany_planks":1,"minecraft:dark_oak_log":6,"minecraft:dispenser":1,"minecraft:miner_pottery_sherd":3,"minecraft:granite":55,"minecraft:plenty_pottery_sherd":1,"minecraft:dark_oak_fence":10,"minecraft:crimson_roots":1,"minecraft:diamond_pickaxe":1,"biomesoplenty:redwood_log":38,"minecraft:crafting_table":42,"minecraft:ominous_bottle":1,"minecraft:nether_wart":100,"minecraft:clay_ball":28,"minecraft:leather_leggings":1,"minecraft:iron_shovel":2,"minecraft:glass_pane":10,"minecraft:beef":23,"minecraft:iron_nugget":12,"minecraft:poppy":3,"minecraft:spruce_slab":10,"minecraft:minecart":14,"minecraft:chest":15,"minecraft:birch_sapling":2,"minecraft:egg":2,"minecraft:stone":94,"minecraft:raw_gold_block":7,"minecraft:oak_door":19,"minecraft:carrot":1157,"minecraft:redstone":253,"minecraft:decorated_pot":3,"minecraft:deepslate_bricks":5,"minecraft:diamond_boots":1,"minecraft:hay_block":20,"minecraft:gold_ingot":2,"minecraft:totem_of_undying":4,"biomesoplenty:redwood_sapling":5,"minecraft:polished_blackstone":7,"minecraft:tuff_bricks":1,"minecraft:glow_berries":5,"minecraft:mutton":5,"minecraft:white_wool":63,"minecraft:rail":192,"minecraft:clock":2,"biomesoplenty:redwood_sign":5,"minecraft:red_mushroom":1,"minecraft:oak_log":1872,"minecraft:ancient_debris":8,"minecraft:golden_boots":2,"minecraft:paper":17,"minecraft:white_banner":2,"minecraft:apple":97,"minecraft:stone_bricks":4,"minecraft:kelp":50,"minecraft:stone_pickaxe":1,"minecraft:glass_bottle":5,"minecraft:dark_oak_stairs":1,"minecraft:dark_oak_slab":2,"minecraft:gravel":21,"minecraft:crying_obsidian":7,"minecraft:leather_helmet":2,"minecraft:slime_ball":1,"minecraft:stone_axe":1,"minecraft:polished_blackstone_brick_wall":4,"minecraft:oak_button":4,"minecraft:baked_potato":11,"minecraft:melon_seeds":5,"minecraft:hopper":16,"minecraft:ender_pearl":29,"minecraft:wheat":85,"biomesoplenty:burning_blossom":10,"minecraft:sentry_armor_trim_smithing_template":1,"minecraft:potion":2,"minecraft:gilded_blackstone":12,"biomesoplenty:rose_quartz_cluster":4,"minecraft:raw_copper":120,"minecraft:iron_leggings":3,"minecraft:armor_stand":4,"minecraft:oak_sign":5,"biomesoplenty:brimstone":33,"minecraft:redstone_torch":7,"minecraft:cobblestone_slab":5,"minecraft:iron_pickaxe":2,"minecraft:iron_boots":3,"minecraft:furnace":8,"minecraft:stick":476,"minecraft:oak_fence":6,"minecraft:torch":389,"minecraft:porkchop":10,"minecraft:diorite":161,"minecraft:nether_gold_ore":22,"minecraft:rotten_flesh":324,"minecraft:obsidian":134,"minecraft:cobblestone":2054,"minecraft:pink_petals":106,"minecraft:leather_chestplate":4,"minecraft:magma_cream":121,"minecraft:andesite":129,"minecraft:golden_leggings":2,"minecraft:potato":1577,"minecraft:tuff":27,"minecraft:lapis_lazuli":597,"minecraft:dirt":1925,"minecraft:exposed_copper_door":1,"minecraft:leather_boots":1,"minecraft:glass":13,"minecraft:bone":83,"minecraft:bow":10,"minecraft:orange_tulip":21,"minecraft:wheat_seeds":331,"minecraft:raw_gold":207,"minecraft:cobbled_deepslate_slab":3,"minecraft:fletching_table":8,"minecraft:powered_rail":17,"minecraft:oak_planks":494,"minecraft:cooked_porkchop":17,"minecraft:poisonous_potato":7,"minecraft:sand":455,"minecraft:grass_block":4,"resource_backpacks:backpack_iron":1,"minecraft:mossy_cobblestone":4,"minecraft:light_gray_terracotta":7,"minecraft:sugar":9,"minecraft:diamond":98,"minecraft:soul_lantern":1,"minecraft:cracked_polished_blackstone_bricks":125,"minecraft:crossbow":4,"minecraft:bone_meal":8,"minecraft:golden_apple":1,"minecraft:emerald":62,"minecraft:oak_sapling":779,"minecraft:netherrack":1772,"minecraft:azure_bluet":6,"minecraft:splash_potion":4,"minecraft:chicken":5,"biomesoplenty:flesh":2,"minecraft:brown_mushroom":75,"minecraft:gold_block":36,"minecraft:brick":95,"minecraft:oak_trapdoor":9,"biomesoplenty:jacaranda_fence":20,"minecraft:iron_axe":1,"minecraft:blackstone":302,"minecraft:creeper_banner_pattern":1,"minecraft:oak_boat":35,"minecraft:light_gray_wool":4,"minecraft:lectern":553,"minecraft:sugar_cane":444,"minecraft:raw_iron":627,"minecraft:polished_blackstone_bricks":201,"biomesoplenty:blackstone_spines":1,"minecraft:dark_oak_planks":19,"minecraft:weeping_vines":1,"minecraft:arrow":112,"biomesoplenty:brimstone_fumarole":7,"minecraft:pink_tulip":1,"minecraft:basalt":329,"minecraft:golden_carrot":1,"minecraft:glow_ink_sac":2,"minecraft:crimson_stem":1,"minecraft:leather":81,"minecraft:crimson_fungus":2,"minecraft:waxed_copper_block":1,"minecraft:yellow_bed":18,"minecraft:gunpowder":61,"minecraft:iron_ingot":10,"minecraft:soul_sand":27,"minecraft:book":207,"biomesoplenty:small_rose_quartz_bud":1,"minecraft:oak_slab":23,"minecraft:nether_quartz_ore":128,"minecraft:quartz":346,"minecraft:dandelion":7,"minecraft:raw_iron_block":29,"minecraft:amethyst_shard":4,"biomesoplenty:porous_flesh":1,"minecraft:red_banner":5,"minecraft:blast_furnace":27,"minecraft:white_bed":53,"minecraft:spider_eye":22,"minecraft:chainmail_leggings":1,"minecraft:iron_helmet":4,"minecraft:black_wool":1,"minecraft:damaged_anvil":2,"minecraft:coal":468},"minecraft:dropped":{"minecraft:iron_sword":1,"minecraft:glow_ink_sac":2,"minecraft:cooked_porkchop":3,"minecraft:dark_oak_slab":1,"minecraft:orange_tulip":6,"minecraft:crossbow":1,"minecraft:glow_berries":5,"minecraft:blackstone_stairs":17,"minecraft:leather_helmet":1,"minecraft:red_mushroom":1,"minecraft:dirt":429,"minecraft:iron_pickaxe":4,"minecraft:white_wool":9,"minecraft:bone":18,"minecraft:oak_door":1,"minecraft:stone_axe":4,"minecraft:sugar_cane":1,"minecraft:cobbled_deepslate":64,"minecraft:birch_sapling":2,"minecraft:obsidian":16,"minecraft:rotten_flesh":281,"minecraft:waxed_copper_block":1,"minecraft:rabbit_foot":3,"minecraft:leather_boots":1,"minecraft:leather_leggings":1,"minecraft:spruce_slab":1,"minecraft:glass":1,"minecraft:beef":1,"minecraft:lectern":1,"minecraft:egg":1,"minecraft:enchanted_book":1,"minecraft:golden_boots":1,"minecraft:wheat_seeds":65,"minecraft:clock":2,"minecraft:polished_blackstone":1,"minecraft:cobblestone":430,"minecraft:oak_fence":3,"minecraft:iron_helmet":5,"minecraft:granite":35,"minecraft:coal":26,"minecraft:golden_apple":32,"minecraft:golden_carrot":1,"minecraft:wooden_hoe":1,"biomesoplenty:brimstone":3,"minecraft:cooked_salmon":8,"minecraft:iron_shovel":2,"minecraft:paper":2,"minecraft:string":87,"biomesoplenty:jacaranda_fence":5,"minecraft:clay_ball":24,"minecraft:iron_boots":3,"minecraft:diamond_sword":4,"minecraft:potato":4,"minecraft:cobblestone_slab":3,"minecraft:shroomlight":1,"minecraft:stone":87,"minecraft:diamond_pickaxe":1,"minecraft:spider_eye":7,"minecraft:bow":7,"minecraft:brown_mushroom":6,"minecraft:baked_potato":8,"minecraft:lantern":1,"minecraft:leather":16,"biomesoplenty:rose_quartz_chunk":4,"minecraft:iron_horse_armor":1,"minecraft:polished_blackstone_brick_wall":4,"biomesoplenty:porous_flesh":1,"minecraft:flint":2,"minecraft:music_disc_11":1,"minecraft:deepslate_tile_stairs":1,"minecraft:cracked_polished_blackstone_bricks":42,"minecraft:polished_blackstone_brick_stairs":9,"minecraft:crimson_roots":1,"biomesoplenty:null_plant":1,"minecraft:gilded_blackstone":4,"minecraft:amethyst_shard":1,"minecraft:polished_blackstone_bricks":31,"minecraft:glistering_melon_slice":1,"minecraft:birch_log":2,"minecraft:gold_ingot":2,"minecraft:gravel":16,"minecraft:crimson_fungus":1,"minecraft:blackstone":46,"biomesoplenty:redwood_sapling":4,"minecraft:soul_lantern":1,"minecraft:carrot":212,"minecraft:poppy":1,"minecraft:leather_chestplate":4,"minecraft:gunpowder":5,"minecraft:beetroot_seeds":4,"minecraft:melon_seeds":3,"minecraft:basalt":72,"minecraft:arrow":39,"biomesoplenty:flesh":2,"minecraft:netherrack":871,"minecraft:bread":16,"minecraft:mossy_cobblestone":4,"minecraft:diamond_leggings":1,"minecraft:poisonous_potato":6,"minecraft:plenty_pottery_sherd":1,"minecraft:golden_axe":3,"minecraft:amethyst_block":6,"biomesoplenty:eyebulb":1,"minecraft:diorite":65,"minecraft:torch":24,"minecraft:iron_leggings":3,"minecraft:polished_blackstone_brick_slab":3,"minecraft:iron_axe":1,"resource_backpacks:backpack_ender":1,"minecraft:pink_petals":21,"minecraft:bucket":6,"minecraft:dandelion":6,"minecraft:polished_deepslate":2,"minecraft:tuff_bricks":1,"minecraft:raw_copper":1,"minecraft:tuff":6,"biomesoplenty:small_rose_quartz_bud":1,"resource_backpacks:backpack_netherite":1,"minecraft:shield":2,"minecraft:oak_button":1,"minecraft:iron_chestplate":2,"minecraft:andesite":102,"biomesoplenty:redwood_sign":1,"minecraft:golden_leggings":1,"minecraft:oak_sapling":6,"minecraft:golden_sword":1,"minecraft:miner_pottery_sherd":1,"minecraft:diamond_boots":1,"resource_backpacks:backpack_iron":1,"minecraft:stone_pickaxe":1,"minecraft:raw_gold":9,"minecraft:medium_amethyst_bud":1},"minecraft:crafted":{"minecraft:ender_chest":4,"minecraft:smooth_stone":10,"minecraft:oak_sign":27,"minecraft:blaze_powder":12,"connectedglass:clear_glass":24,"minecraft:lever":5,"minecraft:diamond_shovel":2,"minecraft:bookshelf":37,"connectedglass:borderless_glass":36,"minecraft:cooked_mutton":5,"minecraft:quartz_block":42,"minecraft:glass":450,"minecraft:diamond_helmet":3,"minecraft:diamond_leggings":3,"minecraft:netherite_boots":1,"minecraft:tipped_arrow":5,"resource_backpacks:backpack_copper":2,"minecraft:glass_bottle":33,"biomesoplenty:redwood_sign":6,"minecraft:emerald":336,"minecraft:diamond_axe":1,"minecraft:cooked_porkchop":10,"minecraft:smithing_table":1,"minecraft:copper_ingot":8,"minecraft:fletching_table":4,"resource_backpacks:backpack_gold":2,"minecraft:lectern":16,"minecraft:wooden_hoe":2,"minecraft:stone_slab":2,"minecraft:iron_pickaxe":11,"minecraft:iron_block":153,"resource_backpacks:backpack_iron":2,"minecraft:gold_ingot":1018,"resource_backpacks:backpack_diamond":1,"minecraft:netherite_ingot":4,"minecraft:composter":5,"minecraft:golden_carrot":116,"minecraft:smooth_stone_slab":2,"minecraft:jukebox":1,"minecraft:bone_meal":174,"minecraft:stone_pickaxe":10,"minecraft:diamond_boots":3,"minecraft:wheat":180,"minecraft:coal_block":59,"resource_backpacks:backpack_ender":1,"minecraft:enchanting_table":1,"biomesoplenty:redwood_planks":40,"minecraft:glowstone":2,"minecraft:enchanted_book":39,"minecraft:oak_fence_gate":2,"minecraft:golden_apple":37,"minecraft:fermented_spider_eye":2,"minecraft:wooden_axe":1,"minecraft:oak_stairs":36,"minecraft:iron_shovel":7,"minecraft:iron_leggings":4,"minecraft:armor_stand":1,"minecraft:white_bed":17,"minecraft:grindstone":1,"minecraft:oak_planks":6664,"minecraft:cobblestone_slab":18,"inmis:baby_backpack":1,"minecraft:cooked_chicken":5,"minecraft:stone":14,"inmis:ender_pouch":1,"minecraft:bow":1,"minecraft:iron_boots":4,"resource_backpacks:backpack_netherite":1,"minecraft:chest":40,"minecraft:netherite_helmet":1,"minecraft:oak_button":5,"minecraft:rail":32,"minecraft:ender_eye":7,"minecraft:oak_fence":3,"minecraft:smoker":4,"minecraft:oak_slab":138,"minecraft:cauldron":10,"minecraft:crafting_table":16,"minecraft:iron_helmet":4,"minecraft:wooden_pickaxe":1,"minecraft:baked_potato":758,"minecraft:gold_block":70,"minecraft:brewing_stand":1,"minecraft:dispenser":1,"minecraft:book":70,"minecraft:iron_chestplate":2,"minecraft:paper":339,"minecraft:diamond_pickaxe":2,"minecraft:charcoal":5,"inmis:plated_backpack":1,"minecraft:shield":2,"minecraft:stick":8122,"minecraft:iron_ingot":1492,"minecraft:stone_sword":1,"inmis:frayed_backpack":1,"minecraft:redstone_torch":6,"minecraft:shears":1,"minecraft:cobbled_deepslate_slab":6,"minecraft:oak_door":12,"minecraft:raw_iron":261,"minecraft:coal":594,"inmis:gilded_backpack":1,"minecraft:furnace":9,"minecraft:blast_furnace":3,"inmis:bejeweled_backpack":1,"minecraft:glass_pane":160,"minecraft:oak_trapdoor":48,"minecraft:flint_and_steel":1,"minecraft:netherite_chestplate":1,"minecraft:iron_axe":4,"minecraft:iron_hoe":1,"minecraft:netherite_scrap":15,"minecraft:blackstone_stairs":40,"minecraft:minecart":7,"minecraft:cooked_beef":22,"minecraft:sugar":3,"minecraft:cooked_cod":1,"minecraft:diamond_sword":1,"minecraft:iron_trapdoor":8,"minecraft:powered_rail":6,"minecraft:iron_sword":13,"minecraft:cooked_salmon":6,"minecraft:bucket":7,"connectedglass:borderless_glass_pane":52,"minecraft:stone_axe":2,"minecraft:air":0,"minecraft:bread":181,"minecraft:oak_boat":1,"minecraft:gold_nugget":938,"minecraft:raw_gold":162,"minecraft:stonecutter":1,"minecraft:anvil":3,"minecraft:pumpkin_pie":24,"minecraft:torch":920,"resource_backpacks:backpack_leather":2,"minecraft:diamond_chestplate":2},"minecraft:used":{"minecraft:polished_blackstone":1,"minecraft:dispenser":5,"minecraft:spruce_slab":9,"minecraft:poppy":2,"minecraft:chest":50,"minecraft:stone":3,"minecraft:soul_sand":19,"minecraft:crafter":1,"minecraft:weeping_vines":1,"minecraft:azure_bluet":6,"minecraft:lava_bucket":25,"minecraft:villager_spawn_egg":1,"minecraft:grass_block":10,"minecraft:dark_oak_slab":1,"minecraft:bow":1036,"minecraft:oak_sapling":756,"minecraft:furnace":9,"minecraft:egg":1,"minecraft:potato":344,"minecraft:diorite":9,"minecraft:damaged_anvil":2,"minecraft:blackstone_stairs":23,"minecraft:powered_rail":13,"minecraft:orange_tulip":15,"minecraft:blackstone":173,"minecraft:wooden_pickaxe":32,"minecraft:composter":15,"minecraft:golden_apple":15,"minecraft:glow_berries":8,"minecraft:sand":7,"minecraft:blast_furnace":31,"minecraft:crying_obsidian":1,"minecraft:lectern":574,"minecraft:diamond_sword":2675,"minecraft:dark_oak_fence":1,"minecraft:smithing_table":2,"minecraft:oak_boat":35,"minecraft:oak_trapdoor":57,"minecraft:iron_bars":5,"minecraft:stone_sword":94,"minecraft:polished_blackstone_brick_slab":1,"minecraft:enchanting_table":1,"minecraft:armor_stand":11,"minecraft:cooked_salmon":1,"minecraft:netherrack":792,"minecraft:torch":1146,"minecraft:brewing_stand":13,"minecraft:anvil":4,"minecraft:wheat":3,"minecraft:nether_quartz_ore":32,"minecraft:oak_fence_gate":2,"minecraft:iron_axe":2881,"minecraft:spawner":1,"minecraft:totem_of_undying":4,"minecraft:melon_seeds":9,"minecraft:basalt":255,"minecraft:glowstone":5,"minecraft:iron_trapdoor":8,"biomesoplenty:blood_bucket":2,"minecraft:cobbled_deepslate":287,"minecraft:pointed_dripstone":10,"minecraft:crimson_stem":1,"minecraft:wheat_seeds":261,"minecraft:water_bucket":122,"minecraft:cauldron":14,"minecraft:fletching_table":12,"minecraft:polished_blackstone_bricks":158,"biomesoplenty:rose_quartz_cluster":3,"minecraft:rail":164,"minecraft:oak_slab":47,"minecraft:crafting_table":58,"minecraft:white_bed":74,"biomesoplenty:blackstone_spines":1,"minecraft:oak_log":7,"minecraft:amethyst_cluster":1,"minecraft:diamond_pickaxe":5226,"minecraft:diamond_shovel":503,"minecraft:oak_button":9,"minecraft:iron_pickaxe":2199,"minecraft:cobblestone":1189,"minecraft:potion":1,"minecraft:glass_pane":105,"minecraft:kelp":24,"minecraft:dandelion":1,"minecraft:jukebox":1,"minecraft:iron_shovel":1529,"minecraft:oak_sign":29,"minecraft:diamond_hoe":322,"minecraft:shield":49,"minecraft:decorated_pot":2,"minecraft:white_terracotta":1,"minecraft:nether_wart":36,"minecraft:iron_sword":1347,"minecraft:zombie_spawn_egg":1,"minecraft:carrot":382,"minecraft:exposed_copper_door":1,"biomesoplenty:null_block":2,"minecraft:obsidian":118,"minecraft:milk_bucket":1,"biomesoplenty:redwood_sign":11,"minecraft:glass":100,"minecraft:lantern":3,"minecraft:iron_helmet":2,"minecraft:stone_bricks":4,"connectedglass:borderless_glass_pane":77,"minecraft:magma_block":2,"biomesoplenty:jacaranda_fence":15,"minecraft:dark_oak_stairs":1,"minecraft:stone_pickaxe":820,"minecraft:oak_planks":1934,"minecraft:ender_pearl":7,"minecraft:sugar_cane":64,"minecraft:diamond_axe":461,"minecraft:large_amethyst_bud":1,"biomesoplenty:black_sandstone_slab":6,"minecraft:light_gray_terracotta":1,"minecraft:redstone_torch":7,"minecraft:lever":5,"minecraft:melon_slice":1,"minecraft:string":26,"minecraft:bread":104,"minecraft:gravel":3,"minecraft:grindstone":1,"minecraft:andesite":48,"minecraft:bone_meal":72,"minecraft:oak_fence":6,"biomesoplenty:mahogany_planks":1,"biomesoplenty:brimstone":10,"minecraft:flint_and_steel":42,"minecraft:ender_chest":1,"minecraft:oak_door":26,"minecraft:dirt":1220,"minecraft:hopper":9,"minecraft:diamond_helmet":2,"minecraft:allay_spawn_egg":23,"minecraft:granite":8,"minecraft:iron_hoe":17,"minecraft:wooden_axe":67,"minecraft:bookshelf":19,"minecraft:red_tulip":4,"minecraft:oak_stairs":23,"minecraft:polished_blackstone_brick_stairs":3,"connectedglass:borderless_glass":11,"minecraft:golden_carrot":72,"minecraft:minecart":16,"minecraft:cooked_beef":2,"biomesoplenty:burning_blossom":8,"minecraft:cooked_mutton":1,"minecraft:pink_tulip":1,"biomesoplenty:brimstone_fumarole":5,"minecraft:glass_bottle":34,"biomesoplenty:redwood_sapling":1,"minecraft:baked_potato":424,"minecraft:stonecutter":3,"minecraft:cobblestone_slab":14,"connectedglass:clear_glass":24,"minecraft:smoker":10,"minecraft:nether_gold_ore":22,"minecraft:wooden_hoe":104,"minecraft:cracked_polished_blackstone_bricks":80,"minecraft:stone_slab":1,"minecraft:stone_axe":163,"minecraft:pink_petals":2,"minecraft:crimson_fungus":1,"minecraft:cobbled_deepslate_slab":9,"minecraft:white_banner":2,"minecraft:red_banner":5,"minecraft:bucket":145,"minecraft:pumpkin_pie":2,"minecraft:yellow_bed":17,"biomesoplenty:large_rose_quartz_bud":1,"minecraft:splash_potion":26},"minecraft:killed":{"minecraft:cave_spider":29,"minecraft:skeleton":87,"minecraft:chicken":6,"minecraft:magma_cube":369,"minecraft:pillager":18,"minecraft:zombie":327,"minecraft:cow":14,"minecraft:evoker":3,"minecraft:vindicator":24,"minecraft:horse":2,"minecraft:wandering_trader":1,"minecraft:enderman":22,"minecraft:zombified_piglin":9,"minecraft:witch":11,"minecraft:spider":57,"minecraft:silverfish":1816,"minecraft:piglin_brute":38,"minecraft:piglin":51,"minecraft:pig":5,"minecraft:zombie_villager":8,"minecraft:creeper":56,"minecraft:sheep":4,"minecraft:ghast":6,"minecraft:blaze":81,"minecraft:vex":3,"minecraft:slime":1,"minecraft:bat":3,"minecraft:hoglin":3,"minecraft:wither_skeleton":1,"minecraft:villager":6},"minecraft:custom":{"minecraft:interact_with_crafting_table":611,"minecraft:open_barrel":143,"minecraft:leave_game":41,"minecraft:time_since_death":829489,"minecraft:damage_blocked_by_shield":1706,"minecraft:play_time":3618212,"minecraft:deaths":5,"minecraft:jump":32081,"minecraft:enchant_item":2,"minecraft:interact_with_furnace":156,"minecraft:play_record":2,"minecraft:traded_with_villager":407,"minecraft:sleep_in_bed":165,"minecraft:damage_dealt":144436,"minecraft:interact_with_smoker":144,"minecraft:use_cauldron":20,"minecraft:inspect_dispenser":21,"minecraft:interact_with_smithing_table":22,"minecraft:interact_with_anvil":91,"minecraft:inspect_hopper":1,"minecraft:sneak_time":135951,"minecraft:interact_with_blast_furnace":325,"minecraft:total_world_time":3618391,"minecraft:interact_with_stonecutter":6,"minecraft:time_since_rest":54159,"minecraft:swim_one_cm":30255,"minecraft:fly_one_cm":5433468,"minecraft:open_chest":2105,"minecraft:fall_one_cm":859868,"minecraft:animals_bred":7,"minecraft:sprint_one_cm":5165706,"minecraft:drop":513,"minecraft:talked_to_villager":1683,"minecraft:interact_with_brewingstand":121,"minecraft:walk_on_water_one_cm":233038,"minecraft:open_enderchest":28,"minecraft:crouch_one_cm":428102,"minecraft:mob_kills":3314,"minecraft:fill_cauldron":4,"minecraft:climb_one_cm":2419,"minecraft:walk_one_cm":12212572,"minecraft:walk_under_water_one_cm":312303,"minecraft:boat_one_cm":110814,"minecraft:interact_with_grindstone":9,"minecraft:damage_taken":27319,"minecraft:damage_absorbed":586,"minecraft:minecart_one_cm":2455},"minecraft:mined":{"minecraft:dark_oak_planks":19,"minecraft:white_bed":53,"biomesoplenty:brimstone":41,"minecraft:obsidian":104,"biomesoplenty:burning_blossom":11,"minecraft:granite":55,"minecraft:deepslate_bricks":5,"minecraft:coal_block":14,"minecraft:hopper":16,"minecraft:crimson_fungus":2,"minecraft:oak_wall_sign":5,"minecraft:nether_wart":28,"minecraft:spawner":4,"minecraft:polished_blackstone_bricks":219,"minecraft:weeping_vines_plant":1,"minecraft:tall_seagrass":3,"minecraft:magma_block":1179,"minecraft:cobbled_deepslate":56,"minecraft:fire":453,"minecraft:fletching_table":8,"minecraft:deepslate_lapis_ore":2,"minecraft:cave_vines":1,"biomesoplenty:redwood_log":39,"minecraft:water_cauldron":1,"minecraft:dirt_path":19,"minecraft:oak_stairs":25,"minecraft:pink_tulip":1,"biomesoplenty:redwood_wall_sign":2,"minecraft:brown_mushroom":71,"minecraft:kelp_plant":7,"minecraft:amethyst_cluster":1,"minecraft:smoker":6,"biomesoplenty:blackstone_spines":1,"minecraft:soul_fire":4,"biomesoplenty:brimstone_fumarole":9,"minecraft:torch":182,"minecraft:blast_furnace":30,"minecraft:melon":5,"minecraft:glass":39,"minecraft:sugar_cane":269,"minecraft:damaged_anvil":2,"minecraft:amethyst_block":6,"minecraft:white_terracotta":1,"biomesoplenty:null_block":1,"minecraft:wheat":98,"minecraft:jukebox":1,"biomesoplenty:large_rose_quartz_bud":1,"minecraft:waxed_copper_block":1,"minecraft:smooth_basalt":3,"minecraft:stonecutter":2,"minecraft:deepslate":604,"connectedglass:borderless_glass_pane":16,"minecraft:mossy_cobblestone":4,"minecraft:dark_oak_log":5,"minecraft:dark_oak_fence":9,"minecraft:cobbled_deepslate_slab":3,"minecraft:crimson_roots":1,"minecraft:red_mushroom":1,"minecraft:kelp":7,"minecraft:andesite":160,"biomesoplenty:flesh":2,"minecraft:potatoes":344,"biomesoplenty:high_grass":31,"minecraft:cobblestone_slab":5,"biomesoplenty:brimstone_bud":1,"minecraft:rail":184,"biomesoplenty:rose_quartz_cluster":4,"minecraft:smithing_table":1,"biomesoplenty:porous_flesh":1,"minecraft:oak_slab":20,"minecraft:glass_pane":17,"minecraft:soul_sand":27,"minecraft:exposed_copper_door":1,"minecraft:polished_blackstone_brick_wall":4,"minecraft:dandelion":3,"biomesoplenty:small_rose_quartz_bud":1,"minecraft:short_grass":349,"biomesoplenty:high_grass_plant":38,"minecraft:tall_grass":18,"minecraft:copper_ore":8,"minecraft:deepslate_gold_ore":5,"minecraft:diorite":161,"minecraft:red_wall_banner":3,"minecraft:gravel":21,"minecraft:cobweb":368,"minecraft:oak_button":2,"minecraft:polished_blackstone":8,"minecraft:stone_bricks":4,"minecraft:gold_ore":2,"minecraft:fern":7,"minecraft:infested_stone":4,"minecraft:large_amethyst_bud":1,"minecraft:oak_sapling":19,"minecraft:brewing_stand":16,"minecraft:grass_block":887,"minecraft:cracked_polished_blackstone_bricks":130,"minecraft:polished_blackstone_brick_slab":9,"minecraft:composter":9,"minecraft:gilded_blackstone":97,"minecraft:raw_iron_block":29,"minecraft:glowstone":79,"minecraft:iron_ore":28,"minecraft:anvil":1,"minecraft:azure_bluet":4,"minecraft:dark_oak_stairs":1,"minecraft:red_tulip":4,"minecraft:iron_bars":3,"minecraft:spruce_slab":10,"biomesoplenty:black_sandstone_slab":1,"minecraft:blackstone":310,"minecraft:clay":8,"minecraft:light_gray_terracotta":8,"minecraft:calcite":4,"minecraft:poppy":2,"minecraft:chest":14,"minecraft:nether_quartz_ore":12,"minecraft:cobblestone":393,"minecraft:oak_planks":432,"minecraft:wall_torch":146,"minecraft:cauldron":3,"minecraft:pink_petals":8,"minecraft:seagrass":2,"minecraft:powered_rail":11,"minecraft:dark_oak_slab":2,"minecraft:light_gray_wool":2,"minecraft:orange_tulip":22,"biomesoplenty:clover":4,"minecraft:oak_log":1864,"minecraft:sand":432,"minecraft:dirt":772,"minecraft:dispenser":1,"minecraft:netherrack":1618,"minecraft:ancient_debris":5,"minecraft:oak_leaves":108,"minecraft:nether_gold_ore":13,"minecraft:crying_obsidian":7,"minecraft:tuff":24,"minecraft:deepslate_diamond_ore":1,"minecraft:oak_door":17,"biomesoplenty:jacaranda_fence":15,"minecraft:glow_lichen":1,"minecraft:decorated_pot":27,"minecraft:crimson_stem":1,"minecraft:large_fern":1,"minecraft:hay_block":20,"minecraft:oak_trapdoor":9,"minecraft:furnace":8,"minecraft:carrots":282,"minecraft:raw_gold_block":5,"minecraft:gold_block":36,"biomesoplenty:sea_oats":1,"minecraft:polished_deepslate":2,"minecraft:bookshelf":69,"minecraft:deepslate_iron_ore":19,"minecraft:shroomlight":1,"minecraft:lantern":1,"minecraft:stone":1832,"minecraft:basalt":349,"minecraft:oak_fence":1,"minecraft:crafting_table":42,"minecraft:lectern":551,"minecraft:lapis_ore":1,"minecraft:polished_blackstone_brick_stairs":19,"minecraft:redstone_torch":6,"minecraft:white_wall_banner":1,"minecraft:yellow_bed":18,"minecraft:coal_ore":40,"biomesoplenty:redwood_leaves":1,"biomesoplenty:redwood_wood":8},"minecraft:broken":{"minecraft:diamond_helmet":2,"minecraft:iron_sword":5,"minecraft:iron_axe":2,"minecraft:iron_pickaxe":10,"minecraft:wooden_hoe":1,"minecraft:iron_shovel":5,"minecraft:stone_pickaxe":10,"minecraft:diamond_boots":1,"minecraft:wooden_axe":1,"minecraft:diamond_chestplate":1},"minecraft:killed_by":{"minecraft:piglin_brute":1,"minecraft:vex":1,"minecraft:silverfish":1}},"DataVersion":3955}