{"stats":{"minecraft:picked_up":{"biomesoplenty:redwood_log":104,"minecraft:crafting_table":8,"minecraft:diamond_sword":1,"minecraft:oak_stairs":4,"minecraft:enchanted_book":2,"biomesoplenty:jacaranda_sapling":44,"minecraft:brewing_stand":2,"minecraft:brick":80,"connectedglass:borderless_glass_pane":3,"minecraft:raw_copper":19,"connectedglass:borderless_glass":2,"minecraft:white_carpet":2,"minecraft:compass":2,"minecraft:glass_pane":1,"minecraft:gold_nugget":1,"minecraft:beef":40,"biomesoplenty:redwood_wood":1,"minecraft:melon_slice":277,"minecraft:chest":14,"minecraft:birch_sapling":11,"minecraft:egg":2,"minecraft:furnace":4,"minecraft:stick":182,"minecraft:raw_iron":11,"minecraft:oak_door":1,"minecraft:oak_fence":9,"minecraft:torch":36,"minecraft:honey_bottle":6,"minecraft:rotten_flesh":13,"biomesoplenty:jacaranda_log":86,"biomesoplenty:mahogany_sapling":16,"minecraft:hay_block":90,"minecraft:saddle":2,"biomesoplenty:redwood_sapling":6,"minecraft:mutton":71,"minecraft:iron_bars":1,"minecraft:white_wool":104,"minecraft:cobblestone":122,"minecraft:birch_log":35,"minecraft:feather":5,"minecraft:cooked_beef":37,"minecraft:leather":16,"minecraft:golden_leggings":1,"minecraft:oak_log":572,"minecraft:gunpowder":3,"minecraft:cobblestone_stairs":5,"minecraft:map":2,"minecraft:paper":30,"minecraft:dirt":364,"minecraft:cooked_mutton":127,"minecraft:apple":31,"minecraft:wheat_seeds":80,"minecraft:raw_gold":8,"minecraft:grindstone":2,"minecraft:acacia_sapling":3,"minecraft:oak_planks":12,"minecraft:book":42,"minecraft:oak_slab":5,"minecraft:oak_pressure_plate":5,"minecraft:sand":14,"minecraft:spruce_sapling":78,"minecraft:blast_furnace":6,"minecraft:ink_sac":17,"minecraft:white_bed":8,"minecraft:spruce_log":584,"resource_backpacks:backpack_iron":1,"minecraft:leather_helmet":1,"minecraft:mossy_cobblestone":1,"biomesoplenty:mahogany_log":230,"minecraft:stone_axe":1,"minecraft:short_grass":1,"minecraft:golden_apple":32,"minecraft:bread":32,"minecraft:oak_sapling":248,"minecraft:coal":227},"minecraft:dropped":{"minecraft:black_dye":1,"minecraft:wheat_seeds":47,"minecraft:mossy_cobblestone":1,"minecraft:feather":5,"minecraft:leather":6,"minecraft:leather_helmet":1,"minecraft:map":2,"minecraft:gold_nugget":1,"minecraft:birch_log":30,"minecraft:white_wool":1,"minecraft:stone_axe":1,"biomesoplenty:redwood_sapling":2,"minecraft:birch_sapling":8,"minecraft:rotten_flesh":13,"minecraft:oak_sapling":105,"resource_backpacks:backpack_iron":1},"minecraft:crafted":{"minecraft:black_dye":1,"minecraft:oak_planks":48,"minecraft:stone_shovel":4,"minecraft:cobblestone_stairs":8,"minecraft:white_carpet":3,"connectedglass:borderless_glass":8,"minecraft:cooked_mutton":7,"minecraft:glass_pane":16,"minecraft:glass":14,"minecraft:stone_pickaxe":3,"minecraft:oak_fence":3,"minecraft:cooked_beef":3,"resource_backpacks:backpack_copper":1,"minecraft:crafting_table":1,"minecraft:wooden_pickaxe":1,"minecraft:iron_sword":1,"minecraft:copper_ingot":19,"connectedglass:borderless_glass_pane":24,"minecraft:stone_axe":10,"resource_backpacks:backpack_gold":1,"minecraft:stick":4,"minecraft:iron_ingot":11,"minecraft:stone_sword":2,"resource_backpacks:backpack_iron":1,"minecraft:gold_ingot":8,"minecraft:white_bed":1,"minecraft:torch":136,"resource_backpacks:backpack_leather":1,"connectedglass:clear_glass_pane":12},"minecraft:used":{"minecraft:oak_fence":10,"minecraft:stone_sword":333,"minecraft:iron_bars":1,"minecraft:stone_shovel":369,"minecraft:chest":5,"minecraft:iron_sword":2,"minecraft:oak_door":1,"minecraft:torch":166,"minecraft:dirt":596,"minecraft:white_carpet":5,"minecraft:acacia_sapling":3,"biomesoplenty:redwood_wood":1,"connectedglass:clear_glass_pane":12,"connectedglass:borderless_glass_pane":9,"biomesoplenty:jacaranda_sapling":7,"minecraft:furnace":3,"minecraft:egg":1,"minecraft:cooked_beef":11,"minecraft:cooked_mutton":3,"minecraft:short_grass":1,"minecraft:cobblestone_stairs":13,"minecraft:stone_pickaxe":352,"minecraft:wooden_pickaxe":42,"minecraft:crafting_table":8,"minecraft:blast_furnace":4,"minecraft:white_bed":8,"minecraft:apple":11,"minecraft:bread":32,"minecraft:melon_slice":4,"minecraft:oak_pressure_plate":3,"minecraft:spruce_sapling":24,"minecraft:stone_axe":1445,"minecraft:diamond_sword":24,"minecraft:cobblestone":13,"minecraft:grindstone":2,"minecraft:glass_pane":7},"minecraft:killed":{"minecraft:spider":1,"minecraft:skeleton":1,"minecraft:silverfish":315,"minecraft:squid":1,"minecraft:sheep":50,"minecraft:zombie":9,"minecraft:cow":24},"minecraft:custom":{"minecraft:mob_kills":402,"minecraft:interact_with_crafting_table":43,"minecraft:bell_ring":34,"minecraft:leave_game":3,"minecraft:time_since_death":255785,"minecraft:sprint_one_cm":748590,"minecraft:walk_one_cm":695459,"minecraft:drop":34,"minecraft:talked_to_villager":8,"minecraft:play_time":263046,"minecraft:deaths":1,"minecraft:sneak_time":656,"minecraft:walk_under_water_one_cm":19984,"minecraft:jump":5054,"minecraft:interact_with_blast_furnace":18,"minecraft:walk_on_water_one_cm":14397,"minecraft:total_world_time":263046,"minecraft:interact_with_furnace":20,"minecraft:sleep_in_bed":17,"minecraft:time_since_rest":2547,"minecraft:damage_taken":2070,"minecraft:damage_dealt":8293,"minecraft:swim_one_cm":45590,"minecraft:fly_one_cm":1173793,"minecraft:open_chest":66,"minecraft:crouch_one_cm":1767,"minecraft:fall_one_cm":148753},"minecraft:mined":{"minecraft:white_bed":8,"connectedglass:borderless_glass_pane":9,"minecraft:mossy_cobblestone":1,"minecraft:oak_door":1,"minecraft:cobblestone_stairs":5,"biomesoplenty:desert_grass":13,"minecraft:brewing_stand":1,"minecraft:grass_block":312,"minecraft:decorated_pot":10,"minecraft:oak_pressure_plate":2,"minecraft:spruce_leaves":8,"minecraft:hay_block":45,"biomesoplenty:jacaranda_log":43,"minecraft:spruce_sapling":3,"minecraft:furnace":4,"minecraft:iron_ore":11,"minecraft:andesite":7,"minecraft:bookshelf":4,"minecraft:dirt_path":2,"biomesoplenty:redwood_log":58,"minecraft:oak_stairs":2,"minecraft:iron_bars":1,"biomesoplenty:barley":1,"minecraft:stone":99,"minecraft:podzol":2,"biomesoplenty:jacaranda_leaves":19,"minecraft:glass_pane":10,"biomesoplenty:wildflower":4,"minecraft:oak_fence":8,"minecraft:crafting_table":8,"minecraft:torch":19,"minecraft:short_grass":389,"minecraft:blast_furnace":6,"minecraft:melon":35,"minecraft:chest":9,"minecraft:dead_bush":1,"minecraft:tall_grass":62,"minecraft:copper_ore":5,"minecraft:cobblestone":24,"biomesoplenty:sprout":1,"minecraft:grindstone":2,"minecraft:oak_planks":12,"minecraft:wall_torch":14,"minecraft:pink_petals":1,"minecraft:birch_log":37,"biomesoplenty:mahogany_log":123,"minecraft:wheat":2,"minecraft:birch_leaves":15,"minecraft:white_carpet":3,"minecraft:spruce_log":349,"minecraft:oak_log":475,"minecraft:coal_ore":172,"minecraft:sand":15,"minecraft:dirt":52,"biomesoplenty:redwood_wood":1,"minecraft:oak_leaves":97,"minecraft:fern":28},"minecraft:broken":{"minecraft:stone_sword":2,"minecraft:wooden_pickaxe":1,"minecraft:stone_pickaxe":2,"minecraft:stone_axe":9,"minecraft:stone_shovel":2},"minecraft:killed_by":{"minecraft:zombie":1}},"DataVersion":3955}