{"stats":{"minecraft:picked_up":{"biomesoplenty:redwood_log":52,"minecraft:crafting_table":6,"minecraft:oak_stairs":2,"minecraft:enchanted_book":1,"biomesoplenty:jacaranda_sapling":22,"minecraft:brewing_stand":1,"minecraft:brick":40,"minecraft:raw_copper":19,"minecraft:white_carpet":2,"minecraft:compass":1,"minecraft:beef":40,"biomesoplenty:redwood_wood":1,"minecraft:melon_slice":166,"minecraft:chest":7,"minecraft:egg":2,"minecraft:furnace":2,"minecraft:stick":83,"minecraft:raw_iron":11,"minecraft:oak_door":1,"minecraft:oak_fence":8,"minecraft:torch":17,"minecraft:honey_bottle":3,"minecraft:rotten_flesh":6,"biomesoplenty:jacaranda_log":43,"biomesoplenty:mahogany_sapling":8,"minecraft:hay_block":45,"minecraft:saddle":1,"biomesoplenty:redwood_sapling":4,"minecraft:mutton":67,"minecraft:iron_bars":1,"minecraft:white_wool":55,"minecraft:cobblestone":122,"minecraft:feather":5,"minecraft:cooked_beef":37,"minecraft:leather":15,"minecraft:oak_log":150,"minecraft:cobblestone_stairs":5,"minecraft:map":2,"minecraft:paper":13,"minecraft:dirt":9,"minecraft:cooked_mutton":60,"minecraft:apple":11,"minecraft:wheat_seeds":28,"minecraft:raw_gold":8,"minecraft:grindstone":2,"minecraft:acacia_sapling":3,"minecraft:oak_planks":12,"minecraft:book":21,"minecraft:oak_pressure_plate":4,"minecraft:sand":14,"minecraft:spruce_sapling":45,"minecraft:blast_furnace":4,"minecraft:ink_sac":9,"minecraft:white_bed":6,"minecraft:spruce_log":280,"resource_backpacks:backpack_iron":1,"minecraft:mossy_cobblestone":1,"biomesoplenty:mahogany_log":115,"minecraft:short_grass":1,"minecraft:bread":32,"minecraft:oak_sapling":57,"minecraft:coal":218},"minecraft:dropped":{"minecraft:black_dye":1,"minecraft:wheat_seeds":20,"minecraft:mossy_cobblestone":1,"minecraft:feather":5,"minecraft:leather":6,"minecraft:map":2,"biomesoplenty:redwood_sapling":2,"minecraft:rotten_flesh":6,"resource_backpacks:backpack_iron":1},"minecraft:crafted":{"minecraft:black_dye":1,"minecraft:oak_planks":48,"minecraft:cobblestone_stairs":8,"minecraft:white_carpet":3,"connectedglass:borderless_glass":8,"minecraft:cooked_mutton":7,"minecraft:glass_pane":16,"minecraft:glass":14,"minecraft:stone_pickaxe":3,"minecraft:oak_fence":3,"minecraft:cooked_beef":3,"resource_backpacks:backpack_copper":1,"minecraft:crafting_table":1,"minecraft:wooden_pickaxe":1,"minecraft:copper_ingot":19,"connectedglass:borderless_glass_pane":24,"minecraft:stone_axe":7,"resource_backpacks:backpack_gold":1,"minecraft:stick":4,"minecraft:iron_ingot":11,"minecraft:stone_sword":2,"resource_backpacks:backpack_iron":1,"minecraft:gold_ingot":8,"minecraft:white_bed":1,"minecraft:torch":40,"resource_backpacks:backpack_leather":1,"connectedglass:clear_glass_pane":12},"minecraft:used":{"minecraft:oak_fence":10,"minecraft:stone_sword":213,"minecraft:iron_bars":1,"minecraft:chest":1,"minecraft:oak_door":1,"minecraft:torch":35,"minecraft:dirt":9,"minecraft:white_carpet":5,"minecraft:acacia_sapling":3,"biomesoplenty:redwood_wood":1,"connectedglass:clear_glass_pane":12,"connectedglass:borderless_glass_pane":9,"minecraft:furnace":2,"minecraft:egg":1,"minecraft:short_grass":1,"minecraft:cobblestone_stairs":13,"minecraft:stone_pickaxe":347,"minecraft:wooden_pickaxe":42,"minecraft:crafting_table":6,"minecraft:blast_furnace":4,"minecraft:white_bed":6,"minecraft:apple":11,"minecraft:bread":28,"minecraft:melon_slice":4,"minecraft:oak_pressure_plate":3,"minecraft:spruce_sapling":24,"minecraft:stone_axe":872,"minecraft:cobblestone":13,"minecraft:grindstone":2,"minecraft:glass_pane":7},"minecraft:killed":{"minecraft:squid":1,"minecraft:sheep":49,"minecraft:zombie":3,"minecraft:cow":24},"minecraft:custom":{"minecraft:mob_kills":77,"minecraft:interact_with_crafting_table":33,"minecraft:bell_ring":34,"minecraft:leave_game":3,"minecraft:time_since_death":177785,"minecraft:sprint_one_cm":528921,"minecraft:walk_one_cm":420965,"minecraft:drop":18,"minecraft:talked_to_villager":8,"minecraft:play_time":185046,"minecraft:deaths":1,"minecraft:sneak_time":393,"minecraft:walk_under_water_one_cm":6719,"minecraft:jump":3703,"minecraft:interact_with_blast_furnace":13,"minecraft:walk_on_water_one_cm":14038,"minecraft:total_world_time":185046,"minecraft:interact_with_furnace":15,"minecraft:sleep_in_bed":15,"minecraft:time_since_rest":2967,"minecraft:damage_taken":877,"minecraft:damage_dealt":7024,"minecraft:swim_one_cm":45590,"minecraft:fly_one_cm":885163,"minecraft:open_chest":43,"minecraft:crouch_one_cm":1130,"minecraft:fall_one_cm":112738},"minecraft:mined":{"minecraft:white_bed":6,"connectedglass:borderless_glass_pane":9,"minecraft:mossy_cobblestone":1,"minecraft:oak_door":1,"minecraft:cobblestone_stairs":5,"biomesoplenty:desert_grass":13,"minecraft:brewing_stand":1,"minecraft:grass_block":8,"minecraft:decorated_pot":10,"minecraft:oak_pressure_plate":2,"minecraft:spruce_leaves":7,"minecraft:hay_block":45,"biomesoplenty:jacaranda_log":43,"minecraft:spruce_sapling":3,"minecraft:furnace":2,"minecraft:iron_ore":11,"minecraft:andesite":7,"minecraft:bookshelf":4,"biomesoplenty:redwood_log":58,"minecraft:oak_stairs":2,"minecraft:iron_bars":1,"biomesoplenty:barley":1,"minecraft:stone":99,"minecraft:podzol":2,"biomesoplenty:jacaranda_leaves":19,"minecraft:glass_pane":10,"biomesoplenty:wildflower":4,"minecraft:oak_fence":8,"minecraft:crafting_table":6,"minecraft:torch":4,"minecraft:short_grass":65,"minecraft:blast_furnace":4,"minecraft:melon":35,"minecraft:chest":7,"minecraft:dead_bush":1,"minecraft:tall_grass":27,"minecraft:copper_ore":5,"minecraft:cobblestone":24,"minecraft:grindstone":2,"minecraft:oak_planks":12,"minecraft:wall_torch":12,"biomesoplenty:mahogany_log":123,"minecraft:wheat":2,"minecraft:white_carpet":3,"minecraft:spruce_log":281,"minecraft:oak_log":134,"minecraft:coal_ore":172,"minecraft:sand":15,"minecraft:dirt":2,"biomesoplenty:redwood_wood":1,"minecraft:oak_leaves":28,"minecraft:fern":6},"minecraft:broken":{"minecraft:stone_sword":1,"minecraft:wooden_pickaxe":1,"minecraft:stone_pickaxe":2,"minecraft:stone_axe":6},"minecraft:killed_by":{"minecraft:zombie":1}},"DataVersion":3955}