{"stats":{"minecraft:picked_up":{"biomesoplenty:redwood_log":104,"minecraft:crafting_table":7,"minecraft:oak_stairs":4,"minecraft:enchanted_book":2,"biomesoplenty:jacaranda_sapling":44,"minecraft:brewing_stand":2,"minecraft:brick":80,"connectedglass:borderless_glass_pane":3,"minecraft:raw_copper":19,"connectedglass:borderless_glass":2,"minecraft:white_carpet":2,"minecraft:compass":2,"minecraft:glass_pane":1,"minecraft:gold_nugget":1,"minecraft:beef":40,"biomesoplenty:redwood_wood":1,"minecraft:melon_slice":277,"minecraft:chest":14,"minecraft:birch_sapling":1,"minecraft:egg":2,"minecraft:furnace":4,"minecraft:stick":120,"minecraft:raw_iron":11,"minecraft:oak_door":1,"minecraft:oak_fence":9,"minecraft:torch":20,"minecraft:honey_bottle":6,"minecraft:rotten_flesh":13,"biomesoplenty:jacaranda_log":86,"biomesoplenty:mahogany_sapling":16,"minecraft:hay_block":90,"minecraft:saddle":2,"biomesoplenty:redwood_sapling":6,"minecraft:mutton":69,"minecraft:iron_bars":1,"minecraft:white_wool":103,"minecraft:cobblestone":122,"minecraft:birch_log":5,"minecraft:feather":5,"minecraft:cooked_beef":37,"minecraft:leather":16,"minecraft:golden_leggings":1,"minecraft:oak_log":379,"minecraft:gunpowder":3,"minecraft:cobblestone_stairs":5,"minecraft:map":2,"minecraft:paper":30,"minecraft:dirt":109,"minecraft:cooked_mutton":127,"minecraft:apple":23,"minecraft:wheat_seeds":55,"minecraft:raw_gold":8,"minecraft:grindstone":2,"minecraft:acacia_sapling":3,"minecraft:oak_planks":12,"minecraft:book":42,"minecraft:oak_slab":5,"minecraft:oak_pressure_plate":5,"minecraft:sand":14,"minecraft:spruce_sapling":78,"minecraft:blast_furnace":6,"minecraft:ink_sac":17,"minecraft:white_bed":8,"minecraft:spruce_log":584,"resource_backpacks:backpack_iron":1,"minecraft:leather_helmet":1,"minecraft:mossy_cobblestone":1,"biomesoplenty:mahogany_log":230,"minecraft:stone_axe":1,"minecraft:short_grass":1,"minecraft:golden_apple":32,"minecraft:bread":32,"minecraft:oak_sapling":167,"minecraft:coal":227},"minecraft:dropped":{"minecraft:black_dye":1,"minecraft:wheat_seeds":22,"minecraft:mossy_cobblestone":1,"minecraft:feather":5,"minecraft:leather":6,"minecraft:leather_helmet":1,"minecraft:map":2,"minecraft:gold_nugget":1,"minecraft:stone_axe":1,"biomesoplenty:redwood_sapling":2,"minecraft:rotten_flesh":13,"minecraft:oak_sapling":55,"resource_backpacks:backpack_iron":1},"minecraft:crafted":{"minecraft:black_dye":1,"minecraft:oak_planks":48,"minecraft:stone_shovel":2,"minecraft:cobblestone_stairs":8,"minecraft:white_carpet":3,"connectedglass:borderless_glass":8,"minecraft:cooked_mutton":7,"minecraft:glass_pane":16,"minecraft:glass":14,"minecraft:stone_pickaxe":3,"minecraft:oak_fence":3,"minecraft:cooked_beef":3,"resource_backpacks:backpack_copper":1,"minecraft:crafting_table":1,"minecraft:wooden_pickaxe":1,"minecraft:copper_ingot":19,"connectedglass:borderless_glass_pane":24,"minecraft:stone_axe":8,"resource_backpacks:backpack_gold":1,"minecraft:stick":4,"minecraft:iron_ingot":11,"minecraft:stone_sword":2,"resource_backpacks:backpack_iron":1,"minecraft:gold_ingot":8,"minecraft:white_bed":1,"minecraft:torch":100,"resource_backpacks:backpack_leather":1,"connectedglass:clear_glass_pane":12},"minecraft:used":{"minecraft:oak_fence":10,"minecraft:stone_sword":250,"minecraft:iron_bars":1,"minecraft:stone_shovel":102,"minecraft:chest":5,"minecraft:oak_door":1,"minecraft:torch":93,"minecraft:dirt":11,"minecraft:white_carpet":5,"minecraft:acacia_sapling":3,"biomesoplenty:redwood_wood":1,"connectedglass:clear_glass_pane":12,"connectedglass:borderless_glass_pane":9,"minecraft:furnace":3,"minecraft:egg":1,"minecraft:cooked_beef":4,"minecraft:cooked_mutton":3,"minecraft:short_grass":1,"minecraft:cobblestone_stairs":13,"minecraft:stone_pickaxe":351,"minecraft:wooden_pickaxe":42,"minecraft:crafting_table":7,"minecraft:blast_furnace":4,"minecraft:white_bed":8,"minecraft:apple":11,"minecraft:bread":32,"minecraft:melon_slice":4,"minecraft:oak_pressure_plate":3,"minecraft:spruce_sapling":24,"minecraft:stone_axe":1155,"minecraft:cobblestone":13,"minecraft:grindstone":2,"minecraft:glass_pane":7},"minecraft:killed":{"minecraft:skeleton":1,"minecraft:squid":1,"minecraft:sheep":49,"minecraft:zombie":7,"minecraft:cow":24},"minecraft:custom":{"minecraft:mob_kills":83,"minecraft:interact_with_crafting_table":39,"minecraft:bell_ring":34,"minecraft:leave_game":3,"minecraft:time_since_death":213785,"minecraft:sprint_one_cm":636742,"minecraft:walk_one_cm":539421,"minecraft:drop":25,"minecraft:talked_to_villager":8,"minecraft:play_time":221046,"minecraft:deaths":1,"minecraft:sneak_time":526,"minecraft:walk_under_water_one_cm":19984,"minecraft:jump":4288,"minecraft:interact_with_blast_furnace":18,"minecraft:walk_on_water_one_cm":14397,"minecraft:total_world_time":221046,"minecraft:interact_with_furnace":20,"minecraft:sleep_in_bed":16,"minecraft:time_since_rest":24159,"minecraft:damage_taken":1630,"minecraft:damage_dealt":7664,"minecraft:swim_one_cm":45590,"minecraft:fly_one_cm":1027918,"minecraft:open_chest":58,"minecraft:crouch_one_cm":1321,"minecraft:fall_one_cm":129947},"minecraft:mined":{"minecraft:white_bed":8,"connectedglass:borderless_glass_pane":9,"minecraft:mossy_cobblestone":1,"minecraft:oak_door":1,"minecraft:cobblestone_stairs":5,"biomesoplenty:desert_grass":13,"minecraft:brewing_stand":1,"minecraft:grass_block":107,"minecraft:decorated_pot":10,"minecraft:oak_pressure_plate":2,"minecraft:spruce_leaves":8,"minecraft:hay_block":45,"biomesoplenty:jacaranda_log":43,"minecraft:spruce_sapling":3,"minecraft:furnace":4,"minecraft:iron_ore":11,"minecraft:andesite":7,"minecraft:bookshelf":4,"minecraft:dirt_path":1,"biomesoplenty:redwood_log":58,"minecraft:oak_stairs":2,"minecraft:iron_bars":1,"biomesoplenty:barley":1,"minecraft:stone":99,"minecraft:podzol":2,"biomesoplenty:jacaranda_leaves":19,"minecraft:glass_pane":10,"biomesoplenty:wildflower":4,"minecraft:oak_fence":8,"minecraft:crafting_table":7,"minecraft:torch":6,"minecraft:short_grass":236,"minecraft:blast_furnace":6,"minecraft:melon":35,"minecraft:chest":9,"minecraft:dead_bush":1,"minecraft:tall_grass":52,"minecraft:copper_ore":5,"minecraft:cobblestone":24,"biomesoplenty:sprout":1,"minecraft:grindstone":2,"minecraft:oak_planks":12,"minecraft:wall_torch":13,"minecraft:birch_log":7,"biomesoplenty:mahogany_log":123,"minecraft:wheat":2,"minecraft:white_carpet":3,"minecraft:spruce_log":349,"minecraft:oak_log":280,"minecraft:coal_ore":172,"minecraft:sand":15,"minecraft:dirt":2,"biomesoplenty:redwood_wood":1,"minecraft:oak_leaves":54,"minecraft:fern":13},"minecraft:broken":{"minecraft:stone_sword":1,"minecraft:wooden_pickaxe":1,"minecraft:stone_pickaxe":2,"minecraft:stone_axe":8},"minecraft:killed_by":{"minecraft:zombie":1}},"DataVersion":3955}