{"stats":{"minecraft:mined":{"minecraft:short_grass":4,"minecraft:oak_log":34,"minecraft:oak_leaves":10,"minecraft:crafting_table":1,"minecraft:fern":1},"minecraft:custom":{"minecraft:open_chest":1,"minecraft:time_since_rest":8344,"minecraft:crouch_one_cm":1345,"minecraft:play_time":8344,"minecraft:sprint_one_cm":42433,"minecraft:damage_taken":145,"minecraft:walk_one_cm":23030,"minecraft:walk_under_water_one_cm":993,"minecraft:sneak_time":1129,"minecraft:mob_kills":4,"minecraft:jump":206,"minecraft:damage_dealt":341,"minecraft:leave_game":17,"minecraft:time_since_death":8344,"minecraft:walk_on_water_one_cm":2666,"minecraft:total_world_time":8344,"minecraft:swim_one_cm":14674,"minecraft:interact_with_crafting_table":1,"minecraft:fly_one_cm":33899,"minecraft:fall_one_cm":2845},"minecraft:used":{"minecraft:golden_boots":1,"minecraft:wooden_axe":56,"minecraft:apple":3,"minecraft:crafting_table":1},"minecraft:crafted":{"minecraft:oak_planks":12,"minecraft:crafting_table":1,"minecraft:wooden_axe":1},"minecraft:broken":{"minecraft:wooden_axe":1},"minecraft:picked_up":{"minecraft:stick":4,"minecraft:crafting_table":1,"minecraft:apple":3,"minecraft:porkchop":1,"minecraft:oak_log":34,"minecraft:oak_sapling":9,"minecraft:black_wool":1,"minecraft:mutton":4,"minecraft:white_wool":2},"minecraft:killed":{"minecraft:sheep":3,"minecraft:pig":1}},"DataVersion":3953}