{"stats":{"minecraft:killed":{"minecraft:drowned":1},"minecraft:picked_up":{"minecraft:rotten_flesh":2,"minecraft:copper_ingot":1},"minecraft:mined":{"minecraft:tall_grass":1,"minecraft:short_grass":1},"minecraft:custom":{"minecraft:jump":48,"minecraft:time_since_rest":8733,"minecraft:damage_dealt":201,"minecraft:damage_taken":342,"minecraft:leave_game":2,"minecraft:play_time":9592,"minecraft:sprint_one_cm":3101,"minecraft:time_since_death":8663,"minecraft:walk_one_cm":10360,"minecraft:deaths":1,"minecraft:sneak_time":11,"minecraft:total_world_time":9592,"minecraft:mob_kills":1,"minecraft:fall_one_cm":963,"minecraft:fly_one_cm":2851}},"DataVersion":3953}